model,correctness,answer_relevancy,context_relevancy,faithfulness
llama3,4.182926829268292,0.9634146341463414,0.8445121951219512,1.0
mistral,4.182926829268292,0.9634146341463414,0.8323170731707317,1.0
phi3,4.097560975609756,0.9634146341463414,0.7987804878048781,1.0
gemma,4.085365853658536,0.9512195121951219,0.8140243902439024,1.0
llama3_zero_shot,3.9146341463414633,0.9512195121951219,,
